svn_id,real_name
aa0380,Aaron Mulder
ammulder,Aaron Mulder
ammulder,Aaron Mulder
ammulder,Aaron Mulder
ammulder,Aaron Mulder
ammulder,Aaron Mulder
ammulder,Aaron Mulder
ammulder,Aaron Mulder
ammulder,Aaron Mulder
atm,Aaron T. Myers
atm,Aaron T. Myers
atm,Aaron T. Myers
atm,Aaron T. Myers
atm,Aaron T. Myers
ab0625,Abe White
ab0633,Abe White
ab1632,Abe White
ab1651,Abe White
ab2578,Abe White
abe,Abraham Elmahrek
afine,Abraham Fine
Army Brown,abrown
anierbeck,Achim Nierbeck
ad1026,Adam Wojtuniak
ad2049,Adam Wojtuniak
ad0047,Adam Wojtuniak
adriancole,Adrian Cole
adriancole,Adrian Cole
adriancole,Adrian Cole
adriancole,Adrian Cole
adrian,Adrian Sutton
adrian,Adrian Sutton
azeez,Afkham Azeez
azeez,Afkham Azeez
azeez,Afkham Azeez
azeez,Afkham Azeez
azeez,Afkham Azeez
azeez,Afkham Azeez
azeez,Afkham Azeez
aihuaxu,Aihua Xu
ajayyadava,Ajay Yadava
ajit,Ajit Kumar
ajith,Ajith Ranabahu
ajith,Ajith Ranabahu
ajith,Ajith Ranabahu
ajith,Ajith Ranabahu
ay,Akitoshi Yoshida
ay,Akitoshi Yoshida
al0048,Alan Cabrera
al0337,Alan Cabrera
al0381,Alan Cabrera
al1027,Alan Cabrera
al2050,Alan Cabrera
gates,Alan Gates
gates,Alan Gates
gates,Alan Gates
gates,Alan Gates
gates,Alan Gates
gates,Alan Gates
gates,Alan Gates
gates,Alan Gates
gates,Alan Gates
gates,Alan Gates
gates,Alan Gates
gates,Alan Gates
gates,Alan Gates
gates,Alan Gates
al0049,Alan Keane
al1028,Alan Keane
al2051,Alan Keane
al0050,Alasdair Nottingham
al1029,Alasdair Nottingham
al2052,Alasdair Nottingham
al0626,Albert Lee
al0634,Albert Lee
al1633,Albert Lee
al1652,Albert Lee
al2579,Albert Lee
tucu,Alejandro Abdelnur
tucu,Alejandro Abdelnur
tucu,Alejandro Abdelnur
tucu,Alejandro Abdelnur
tucu,Alejandro Abdelnur
tucu,Alejandro Abdelnur
tucu,Alejandro Abdelnur
alejandro,Alejandro Fernandez
alek,Aleksander Slominski
alek,Aleksander Slominski
alek,Aleksander Slominski
alek,Aleksander Slominski
aslom,Aleksander Slominski
akovalenko,Aleksandr Kovalenko
akovalenko,Aleksandr Kovalenko
apresta,Alessandro Presta
alexantonenko,Alex Antonenko
alexantonenko,Alex Antonenko
al1006,Alex Moundalexis
al1887,Alex Moundalexis
posix4e,Alex Newman
alexparvulescu,Alex Parvulescu
alexparvulescu,Alex Parvulescu
alexparvulescu,Alex Parvulescu
shralex,Alex Shraer
shralex,Alex Shraer
alexkli,Alexander Klimetschek
alexkli,Alexander Klimetschek
alexkli,Alexander Klimetschek
al0366,Alexy Petrenko
alfonsonishikawa,Alfonso Nishikawa
alfonsonishikawa,Alfonso Nishikawa
alfonsonishikawa,Alfonso Nishikawa
aheimoz,Alison Heimoz
aw,Allen Wittenauer
aw,Allen Wittenauer
amarrk,Amar Ramesh Kamat
amarrk,Amar Ramesh Kamat
amareshwari,Amareshwari Sriramadasu
amareshwari,Amareshwari Sriramadasu
amareshwari,Amareshwari Sriramadasu
amareshwari,Amareshwari Sriramadasu
amareshwari,Amareshwari Sriramadasu
amareshwari,Amareshwari Sriramadasu
amareshwari,Amareshwari Sriramadasu
amareshwari,Amareshwari Sriramadasu
amareshwari,Amareshwari Sriramadasu
amilaj,Amila Jayasekara
amitgupt,Amit Gupta
amitj,Amit Jain
acube123,Amitanand S. Aiyer
acube123,Amitanand S. Aiyer
arcilla,Andre Arcilla
acosentino,Andrea Cosentino
acosentino,Andrea Cosentino
acosentino,Andrea Cosentino
andreapatricelli,Andrea Patricelli
an1802,Andrea Patricelli
an0741,Andrea Zoppello
an2692,Andrea Zoppello
an1728,Andrea Zoppello
andreas,Andreas Oberhack
andreas,Andreas Oberhack
andreas,Andreas Oberhack
asavu,Andrei Savu
asavu,Andrei Savu
asavu,Andrei Savu
asavu,Andrei Savu
asavu,Andrei Savu
ashakirin,Andrei Shakirin
ashakirin,Andrei Shakirin
abayer,Andrew Bayer
abayer,Andrew Bayer
abayer,Andrew Bayer
abayer,Andrew Bayer
abayer,Andrew Bayer
abayer,Andrew Bayer
afchung90,Andrew Chung
an2024,Andrew Grande
ahart,Andrew Hart
ahart,Andrew Hart
ahart,Andrew Hart
ahart,Andrew Hart
gatfora,Andrew K Gatford
gatfora,Andrew K Gatford
aonishuk,Andrew Onischuk
aonishuk,Andrew Onischuk
an0051,Andrew Osborne
an1030,Andrew Osborne
an2053,Andrew Osborne
apurtell,Andrew Purtell
apurtell,Andrew Purtell
apurtell,Andrew Purtell
apurtell,Andrew Purtell
apurtell,Andrew Purtell
apurtell,Andrew Purtell
apurtell,Andrew Purtell
arobinson74,Andrew Robinson
wang,Andrew Wang
wang,Andrew Wang
ababiichuk,Andrii Babiichuk
ababiichuk,Andrii Babiichuk
atkach,Andrii Tkach
atkach,Andrii Tkach
an0236,Andrus Adamchik
an0238,Andrus Adamchik
an1238,Andrus Adamchik
ab,Andrzej Bialecki
ab,Andrzej Bialecki
ab,Andrzej Bialecki
ab,Andrzej Bialecki
ab,Andrzej Bialecki
ab,Andrzej Bialecki
ab,Andrzej Bialecki
andys,Andy Schwartz
andys,Andy Schwartz
andys,Andy Schwartz
andys,Andy Schwartz
andys,Andy Schwartz
angela,Angela Schreiber
angela,Angela Schreiber
angela,Angela Schreiber
angeloh,Angelo Huang
niket486,Aniket Mokashi
aniket486,Aniket Mokashi
an2598,Ankit Singhal
u137,Ann Robinson
u1124,Ann Robinson
an2639,Anne Yu
an2599,Anoop Sam John
anoopsamjohn,Anoop Sam John
anoopsamjohn,Anoop Sam John
antelder,Ant Elder
antelder,Ant Elder
antelder,Ant Elder
antoine,Antoine Levy-Lambert
astefanutti,Antonin Stefanutti
asanso,Antonio Sanso
asanso,Antonio Sanso
adhoot,Anubhav Dhoot
anupam,Anupam
an0111,Anushka Kumara
an0155,Anushka Kumara
an1098,Anushka Kumara
an1142,Anushka Kumara
apgiannakidis,Apostolos Giannakidis
avijayan,Aravindan Vijayan
ard,Ard Schrijvers
ard,Ard Schrijvers
ard,Ard Schrijvers
arp,Arpit Agarwal
arp,Arpit Agarwal
arpit,Arpit Gupta
arpit,Arpit Gupta
arpit,Arpit Gupta
arpit,Arpit Gupta
abaranchuk,Artem Baranchuk
abaranchuk,Artem Baranchuk
artnaseef,Arthur Naseef
ryman,Arthur Ryman
ryman,Arthur Ryman
acmurthy,Arun C Murthy
acmurthy,Arun C Murthy
acmurthy,Arun C Murthy
acmurthy,Arun C Murthy
acmurthy,Arun C Murthy
ar2640,Arun Suresh
asuresh,Arun Suresh
asanka,Asanka Abeysinghe
asanka,Asanka Abeysinghe
asanka,Asanka Abeysinghe
asankha,Asankha Perera
asankha,Asankha Perera
asankha,Asankha Perera
as2235,Ashish Jain
as1323,Ashish Jain
as2039,Ashish Singh
athusoo,Ashish Thusoo
athusoo,Ashish Thusoo
athusoo,Ashish Thusoo
hashutosh,Ashutosh Chauhan
hashutosh,Ashutosh Chauhan
hashutosh,Ashutosh Chauhan
hashutosh,Ashutosh Chauhan
hashutosh,Ashutosh Chauhan
hashutosh,Ashutosh Chauhan
hashutosh,Ashutosh Chauhan
hashutosh,Ashutosh Chauhan
hashutosh,Ashutosh Chauhan
hashutosh,Ashutosh Chauhan
ashu,Ashutosh Shahi
ashu,Ashutosh Shahi
ashu,Ashutosh Shahi
ashu,Ashutosh Shahi
asitang,Asitang Mishra
ate,Ate Douma
aching,Avery Ching
b.0367,B.J. Reed
b.2237,B.J. Reed
b.1325,B.J. Reed
bvahdat,Babak Vahdat
bvahdat,Babak Vahdat
balu,Balu Vellanki
schans,Bart van der Schans
schans,Bart van der Schans
schans,Bart van der Schans
be1166,Bella Robinson
boday,Ben O'Day
boday,Ben O'Day
boday,Ben O'Day
breed,Ben Reed
breed23,Ben Reed
bspeakmon,Ben Speakmon
bspeakmon,Ben Speakmon
breed,Benjamin Reed
breed,Benjamin Reed
breed,Benjamin Reed
breed,Benjamin Reed
be0052,Bernd Kolb
be1031,Bernd Kolb
be2054,Bernd Kolb
ber2183,Bernt M. Johnsen
bdelacretaz,Bertrand Delacretaz
bdelacretaz,Bertrand Delacretaz
bdelacretaz ,Bertrand Delacretaz
bdelacretaz ,Bertrand Delacretaz
sezgin,Beysim Sezgin
bikas,Bikas Saha
bikas,Bikas Saha
bikas,Bikas Saha
bibryam,Bilgin Ibryam
bibryam,Bilgin Ibryam
bi0410,Bill Barker
billbarker,Bill Barker
billgraham,Bill Graham
billgraham,Bill Graham
billgraham,Bill Graham
billgraham,Bill Graham
bi1162,Bill Haneman
bhavanki,Bill Havanki
bi1007,Bill Havanki
u129,Bill Nagy
u1116,Bill Nagy
billie,Billie Rinaldi
billie,Billie Rinaldi
billie,Billie Rinaldi
billie,Billie Rinaldi
billie,Billie Rinaldi
billie,Billie Rinaldi
billie,Billie Rinaldi
bsullivan,Blake Sullivan
bo0911,Bob Lannoy
bo2763,Bob Lannoy
bo1800,Bob Lannoy
bob,Bob McWhirter
bob,Bob McWhirter
werken,Bob McWhirter
rnettleton,Bob Nettleton
bo0682,Bob Scheifler
boryas,Boris Shkolnik
boryas,Boris Shkolnik
boryas,Boris Shkolnik
shulmanb,Boris Shulman
bzhang,Bowen Zhang
br2021,Bradley Childs
brandonli,Brandon Li
brandonli,Brandon Li
br2456,Branko ?ibej
brett,Brett Porter
brett,Brett Porter
brett,Brett Porter
pradine,Brian DePradine
pradine,Brian DePradine
bdunbar,Brian E. Dunbar
bdunbar,Brian E. Dunbar
bdunbar,Brian E. Dunbar
brianm,Brian McCallister
brianm,Brian McCallister
brianm,Brian McCallister
bcm,Brian Moseley
bcm,Brian Moseley
brock,Brock Noland
brock,Brock Noland
br0988,Bruce Atherton
br2236,Bruce Snyder
bsnyder,Bruce Snyder
bsnyder,Bruce Snyder
bsnyder,Bruce Snyder
bsnyder,Bruce Snyder
bsnyder,Bruce Snyder
bsnyder,Bruce Snyder
bsnyder,Bruce Snyder
br1324,Bruce Snyder
bsnyder,Bruce Snyder
bsnyder,Bruce Snyder
bsnyder,Bruce Snyder
bsnyder,Bruce Snyder
brudav,Bruno D'Avanzo
brudav,Bruno D'Avanzo
bmahe,Bruno Mao
br2764,Bruno  Moura
br1801,Bruno  Moura
cdamioli,Cedric Damioli
cdamioli,Cedric Damioli
ca2048,Cabir Zounaidou
ca1160,Cameron McCormack
thecarlhall,Carl Hall
thecarlhall,Carl Hall
cws,Carl Steinbach
cws,Carl Steinbach
cws,Carl Steinbach
carlos,Carlos Sanchez
carlos,Carlos Sanchez
carlos,Carlos Sanchez
carlosvara,Carlos Vara
carlosvara,Carlos Vara
carlosvara,Carlos Vara
carlosvara,Carlos Vara
cziegeler,Carsten Ziegeler
cziegeler,Carsten Ziegeler
cziegeler ,Carsten Ziegeler
cziegeler ,Carsten Ziegeler
ca0635,Catalina Wei
ca2580,Catalina Wei
ca1634,Catalina Wei
ce1872,Cezar Andrei
croberts,Chad Roberts
croberts,Chad Roberts
chamikara,Chamikara Jayalath
chamikara,Chamikara Jayalath
chamil,Chamil Thanthrimudalige
chamil,Chamil Thanthrimudalige
chaoshi,Chao Shi
sunchao,Chao Sun
brookwc,Chao Wang
ch2641,Chaoyu Tang
ctang,Chaoyu Tang
charith,Charith Wickramarachchi
charith,Charith Wickramarachchi
charith,Charith Wickramarachchi
charitha,Charitha Kamkanamge
charitha,Charitha Kamkanamge
cmouillard,Charles Mouillard
cmouillard,Charles Mouillard
cmouillard,Charles Mouillard
ch0035,Charles Moulliard
ch1932,Charles Moulliard
cmoulliard,Charles Moulliard
cmoulliard,Charles Moulliard
cmoulliard,Charles Moulliard
cmoulliard,Charles Moulliard
cmoulliard,Charles Moulliard
cmoulliard,Charles Moulliard
cmoulliard,Charles Moulliard
cmoulliard,Charles Moulliard
cmoulliard,Charles Moulliard
cmoulliard,Charles Moulliard
ch0742,Charles Souillard
ch2693,Charles Souillard
ch1729,Charles Souillard
chathura_ce,Chathura Ekanayake
chathura_ce,Chathura Ekanayake
chathura_ce,Chathura Ekanayake
ch0836,Chathura Herath
chathura,Chathura Herath
chathura,Chathura Herath
chathura,Chathura Herath
chathura,Chathura Herath
ch1865,Chathura Herath
chathuri,Chathuri Wimalasena
chatra,Chatra Nakkawita
chatra,Chatra Nakkawita
chatra,Chatra Nakkawita
chatra,Chatra Nakkawita
ch2020,Chelsea Chang
chengxiang,Chengxiang Li
cheolsoo,Cheolsoo Park
chetanm,Chetan Mehrotra
chetanm,Chetan Mehrotra
chetanm,Chetan Mehrotra
chinnaraol,Chinna Rao Lalam
ch0112,Chinthaka Thilakarathne
ch0157,Chinthaka Thilakarathne
ch1099,Chinthaka Thilakarathne
ch1144,Chinthaka Thilakarathne
mattmann,Chris A. Mattmann
mattmann,Chris A. Mattmann
mattmann,Chris A. Mattmann
mattmann,Chris A. Mattmann
mattmann,Chris A. Mattmann
mattmann,Chris A. Mattmann
mattmann,Chris A. Mattmann
mattmann,Chris A. Mattmann
ccustine,Chris Custine
ccustine,Chris Custine
ccustine,Chris Custine
ccustine,Chris Custine
ccustine,Chris Custine
ccustine,Chris Custine
ccustine,Chris Custine
ccustine,Chris Custine
cdouglas,Chris Douglas
cdouglas,Chris Douglas
cdouglas,Chris Douglas
cdouglas,Chris Douglas
cdouglas,Chris Douglas
cdouglas,Chris Douglas
cdouglas,Chris Douglas
cdouglas,Chris Douglas
ch0034,Chris Kingsbury
ch1193,Chris Kingsbury
ch1931,Chris Kingsbury
ch2156,Chris Kingsbury
ch0222,Chris Kingsbury
ch2535,Chris Mattmann
cnauroth,Chris Nauroth
cnauroth,Chris Nauroth
cnauroth,Chris Nauroth
ch0053,Chris Wilkinson
ch1032,Chris Wilkinson
ch2055,Chris Wilkinson
cmueller,Christian Mueller
cmueller,Christian Mueller
cmueller,Christian Mueller
ceposta,Christian Posta
ceposta,Christian Posta
ch2157,Christian Posta
ch0743,Christian Schneider
ch2056,Christian Schneider
ch2694,Christian Schneider
cschneider,Christian Schneider
cschneider,Christian Schneider
cschneider,Christian Schneider
cschneider,Christian Schneider
ch1730,Christian Schneider
cschneider,Christian Schneider
cschneider,Christian Schneider
cschneider,Christian Schneider
cschneider,Christian Schneider
ch0993,Christoph Wilhelms
ch0368,Christopher J. Blythe
ch2238,Christopher J. Blythe
ch1326,Christopher J. Blythe
ch0369,Christopher M. Cardona
ch2239,Christopher M. Cardona
ch1327,Christopher M. Cardona
ch2029,Chuan Liu
davsclaus,Claus Ibsen
davsclaus,Claus Ibsen
davsclaus,Claus Ibsen
davsclaus,Claus Ibsen
davsclaus,Claus Ibsen
davsclaus,Claus Ibsen
ckoell,Claus Kraus
ckoell,Claus Kraus
ckoell,Claus Kraus
cl0756,Clemens Wyss
clemens,Clemens Wyss
co2642,Colin Ma
colin,Colin Ma
cmacnaug,Colin MacNaughton
cmacnaug,Colin MacNaughton
cmccabe,Colin Patrick McCabe
cmccabe,Colin Patrick McCabe
coheigea,Colm O hEigeartaigh
coheigea,Colm O hEigeartaigh
coheigea,Colm O hEigeartaigh
coheigea,Colm O hEigeartaigh
coheigea,Colm O hEigeartaigh
co0991,Conor MacNeill
chandec,Corinne Chandel
costin,Costin Manolache
cr0636,Craig L Russell
cr2581,Craig L Russell
cr1635,Craig L Russell
craigmcc,Craig McClanahan
craigmcc,Craig McClanahan
craigmcc,Craig McClanahan
craigmcc,Craig McClanahan
u2184,Craig Russell
Dag Wanvik,dag
daggerrz,Dag Liodden
daggerrz,Dag Liodden
daggerrz,Dag Liodden
da0338,Dain Sundstrom
da0382,Dain Sundstrom
dain,Dain Sundstrom
dain,Dain Sundstrom
dain,Dain Sundstrom
da1276,Dain Sundstrom
dain,Dain Sundstrom
dain,Dain Sundstrom
dandiep,Dan Diephouse
dandiep,Dan Diephouse
dandiep,Dan Diephouse
dklco,Dan Klco
da0054,Dan Kulp
da1033,Dan Kulp
da2057,Dan Kulp
da0370,Dan Lu 'Viola'
da0370,Dan Lu 'Viola'
da2240,"Dan Lu ""Viola"""
daijy,Daniel Dai
daijy,Daniel Dai
daijy,Daniel Dai
daijy,Daniel Dai
daijy,Daniel Dai
daijy,Daniel Dai
daijy,Daniel Dai
dfs,Daniel F. Savarese
dfs,Daniel F. Savarese
dkulp,Daniel Kulp
dkulp,Daniel Kulp
dkulp,Daniel Kulp
dkulp,Daniel Kulp
dkulp,Daniel Kulp
dkulp,Daniel Kulp
dlr,Daniel Rall
dlr,Daniel Rall
dlr,Daniel Rall
dlr,Daniel Rall
dlr,Daniel Rall
dlr,Daniel Rall
dlr,Daniel Rall
dlr,Daniel Rall
dlr,Daniel Rall
dlr,Daniel Rall
dlr,Daniel Rall
dlr,Daniel Rall
dlr,Daniel Rall
dlr,Daniel Rall
dlr,Daniel Rall
dlr,Daniel Rall
dlr,Daniel Rall
dlr,Daniel Rall
dlr,Daniel Rall
danny,Danny Angus
danny,Danny Angus
danny,Danny Angus
da2643,Dapeng Sun
da0371,Darren Middleman
daryn,Daryn Sharp
daryn,Daryn Sharp
daryn,Daryn Sharp
dasarath,Dasarath Weerathunga
dasarath,Dasarath Weerathunga
dasarath,Dasarath Weerathunga
dasarath,Dasarath Weerathunga
dims,Davanum Srinivas
dims,Davanum Srinivas
dims,Davanum Srinivas
dims,Davanum Srinivas
dims,Davanum Srinivas
dims,Davanum Srinivas
dims,Davanum Srinivas (Dims)
dims,Davanum Srinivas (Dims)
dims,Davanum Srinivas (Dims)
dbeech,Dave Beech
da2534,Dave Lester
da0744,Dave Stanley
da2695,Dave Stanley
da1731,Dave Stanley
da1888,Dave Wang
woollard,Dave Woollard
woollard,Dave Woollard
woollard,Dave Woollard
woollard,Dave Woollard
dralves,David Alves
dralves,David Alves
da1873,David Bau
da0339,David Blevins
da0383,David Blevins
da2242,David Blevins
dblevins,David Blevins
dblevins,David Blevins
da1330,David Blevins
dblevins,David Blevins
da0055,David Bosschaert
da1034,David Bosschaert
da2058,David Bosschaert
da2770,David Chen
da0627,David Ezzio
da0627,David Ezzio
da2582,David Ezzio
da1636,David Ezzio
da1636,David Ezzio
davidillsley,David Illsley
davidillsley,David Illsley
djencks,David Jencks
djencks,David Jencks
djencks,David Jencks
djencks,David Jencks
djencks,David Jencks
djencks,David Jencks
djencks,David Jencks
djencks,David Jencks
djencks,David Jencks
djencks,David Jencks
djencks,David Jencks
djencks,David Jencks
djencks,David Jencks
djencks,David Jencks
djencks,David Jencks
djencks,David Jencks
djencks,David Jencks
djencks,David Jencks
djencks,David Jencks
djencks,David Jencks
djencks,David Jencks
djencks,David Jencks
djencks,David Jencks
djencks,David Jencks
djencks,David Jencks
uncled,David Nuescheler
uncled,David Nuescheler
uncled,David Nuescheler
dmreagan,David Reagan
davw,David Whiting
da0638,David Wisneski
da2583,David Wisneski
da1637,David Wisneski
davide,Davide Giannella
de1164,Dean Jackson
deepal,Deepal Jayasinghe
deepal,Deepal Jayasinghe
deepal,Deepal Jayasinghe
deepal,Deepal Jayasinghe
deepal,Deepal Jayasinghe
deepal,Deepal Jayasinghe
deepal,Deepal Jayasinghe
dejanb,Dejan Bosanac
dejanb,Dejan Bosanac
dejanb,Dejan Bosanac
de0910,Denis Signoretto
de0911,Denis Signoretto
de0912,Denis Signoretto
dennisbyrne,Dennis Byrne
dennisbyrne,Dennis Byrne
dennisbyrne,Dennis Byrne
dennisbyrne,Dennis Byrne
dennisbyrne,Dennis Byrne
dennisbyrne,Dennis Byrne
dennisbyrne,Dennis Byrne
dcook,Dennis Cook
dcook,Dennis Cook
dcook,Dennis Cook
dennisl,Dennis Lundberg
dennisl,Dennis Lundberg
dennisl,Dennis Lundberg
de1008,Dennis Patrone
de2637,Dennis Reedy
de1672,Dennis Reedy
dsosnoski,Dennis Sosnoski
dsosnoski,Dennis Sosnoski
ddas,Devaraj Das
ddas,Devaraj Das
ddas,Devaraj Das
ddas,Devaraj Das
ddas,Devaraj Das
ddas,Devaraj Das
ddas,Devaraj Das
ddas,Devaraj Das
ddas,Devaraj Das
ddas,Devaraj Das
ddas,Devaraj Das
ddas,Devaraj Das
ddas,Devaraj Das
ddas,Devaraj Das
ddas,Devaraj Das
ddas,Devaraj Das
devaraj,Devaraj K
dh0110,Dharshana Dias
dh0111,Dharshana Dias
dh0112,Dharshana Dias
dh0113,Dharshana Dias
dhruba,Dhruba Borthakur
dhruba,Dhruba Borthakur
dhruba,Dhruba Borthakur
dhruba,Dhruba Borthakur
dhruba,Dhruba Borthakur
dhruba,Dhruba Borthakur
dhruv,Dhruv Mahajan
dili,Di Li
dianfu,Dian Fu
di0639,Dianne Richards
di0640,Dianne Richards
di0641,Dianne Richards
di0058,Dimo Stoilov
di0059,Dimo Stoilov
di0060,Dimo Stoilov
anzelld,Dino Anzellotti
anzelld,Dino Anzellotti
dion,dIon Gillard
dion,dIon Gillard
dion,dIon Gillard
dion,dIon Gillard
dion,dIon Gillard
dion,dIon Gillard
dion,dIon Gillard
dion,dIon Gillard
dion,dIon Gillard
dion,dIon Gillard
dion,dIon Gillard
dion,dIon Gillard
dbhowmick,Dipayan Bhowmick
djd,Dan Debrunner
djencks,David Jencks
dlr,Daniel Rall
dlyubimov,Dmitriy Lyubimov
dvryaboy,Dmitriy Ryaboy
dvryaboy,Dmitriy Ryaboy
dvryaboy,Dmitriy Ryaboy
dvryaboy,Dmitriy Ryaboy
dvryaboy,Dmitriy Ryaboy
dmitriusan,Dmitry Lysnichenko
dmitriusan,Dmitry Lysnichenko
dsen,Dmitry Sen
dsen,Dmitry Sen
molkov,Dmytro Molkov
molkov,Dmytro Molkov
molkov,Dmytro Molkov
do0159,Dobri Kitipov
do1146,Dobri Kitipov
dogacan,Dogacan Guney
dogacan,Dogacan Guney
dogacan,Dogacan Guney
dj,Dominique Jartt
dpfister,Dominique Pfister
dpfister,Dominique Pfister
dpfister,Dominique Pfister
dwoods,Donald Woods
dwoods,Donald Woods
dwoods,Donald Woods
dwoods,Donald Woods
dwoods,Donald Woods
dwoods,Donald Woods
dwoods,Donald Woods
dwoods,Donald Woods
dwoods,Donald Woods
dwoods,Donald Woods
dwoods,Donald Woods
dwoods,Donald Woods
dongc,Dong Chen
cutting,Doug Cutting
cutting,Doug Cutting
cutting,Doug Cutting
cutting,Doug Cutting
cutting,Doug Cutting
cutting,Doug Cutting
cutting,Doug Cutting
cutting,Doug Cutting
cutting,Doug Cutting
drew,Drew Farris
drew,Drew Farris
drew,Drew Farris
dwoods,Donald Woods
edkohlwey,Ed Kohlwey
edkohlwey,Ed Kohlwey
edkohlwey,Ed Kohlwey
edelln,Edell Nolan
enolan,Edell Nolan
enolan,Edell Nolan
ecapriolo,Edward Capriolo
ecapriolo,Edward Capriolo
edwardyoon,Edward J. Yoon
edwardyoon,Edward J. Yoon
edwardyoon,Edward J. Yoon
eli,Eli Collins
eli,Eli Collins
eli,Eli Collins
eli,Eli Collins
eli,Eli Collins
eli,Eli Collins
ereisman,Eli Reisman
eclark,Elliott Clark
eclark,Elliott Clark
eclark,Elliott Clark
em0059,Emily Jiang
em1038,Emily Jiang
em2062,Emily Jiang
ebourg,Emmanuel Bourg
ebourg,Emmanuel Bourg
ebourg,Emmanuel Bourg
ebourg,Emmanuel Bourg
ebourg,Emmanuel Bourg
elecharny,Emmanuel Lecharny
evenisse,Emmanuel Venisse
evenisse,Emmanuel Venisse
enis,Enis Soztutar
enis,Enis Soztutar
enis,Enis Soztutar
enis,Enis Soztutar
enis,Enis Soztutar
enis,Enis Soztutar
enis,Enis Soztutar
enis,Enis Soztutar
enis,Enis Soztutar
enis,Enis Soztutar
enis,Enis Soztutar
enis,Enis Soztutar
enis,Enis Soztutar
eglynn,Eoghan Glynn
eglynn,Eoghan Glynn
eglynn,Eoghan Glynn
chinthaka,Eran Chinthaka
chinthaka,Eran Chinthaka
chinthaka,Eran Chinthaka
chinthaka,Eran Chinthaka
chinthaka,Eran Chinthaka
chinthaka,Eran Chinthaka
chinthaka,Eran Chinthaka
skygo,Eric Barboni
ehans,Eric Hanson
ehans,Eric Hanson
epugh,Eric Pugh
epugh,Eric Pugh
epugh,Eric Pugh
epugh,Eric Pugh
epugh,Eric Pugh
eyang,Eric Yang
eyang,Eric Yang
eyang,Eric Yang
eyang,Eric Yang
eyang,Eric Yang
eyang,Eric Yang
eyang,Eric Yang
eyang,Eric Yang
er2644,Erick Tryzelaar
er2245,Erik B. Craig
er2246,Erik B. Craig
ehatcher,Erik Hatcher
eboyd,Erin A. Boyd
jtolentino,Ernesto Tolentino Jr.
eroma,Eroma Abeysinghe
eaf,Esteban Franqueiro
eaf,Esteban Franqueiro
eaf,Esteban Franqueiro
esteban,Esteban Gutierrez
ekoifman,Eugene Koifman
ekoontz,Eugene Koontz
ev2457,Evans Ye
fmartelli,Fabio Martelli
fmartelli,Fabio Martelli
fmartelli,Fabio Martelli
fmartelli,Fabio Martelli
fa0156,Farhaan Mohideen
fa1143,Farhaan Mohideen
fa0641,Fay Wang
fa0642,Fay Wang
fa0643,Fay Wang
fmeschbe,Felix Meschberger
fmeschbe,Felix Meschberger
fmeschbe,Felix Meschberger
fmeschbe,Felix Meschberger
fmeschbe,Felix Meschberger
fmeschbe,Felix Meschberger
fmeschbe ,Felix Meschberger
fmeschbe ,Felix Meschberger
xuf,Ferdinand Xu
ferdy,Ferdy Galema
ferdy,Ferdy Galema
ferdy,Ferdy Galema
fe2159,Fernando Ribeiro
fbalicchia,Filippo Balicchia
fpj,Flavio Junqueira
fr2586,Francesco Chicchiricc
ilgrosso,Francesco Chicchiricc
ilgrosso,Francesco Chicchiricc
ilgrosso,Francesco Chicchiricc
ilgrosso,Francesco Chicchiricc
ilgrosso,Francesco Chicchiricc
ilgrosso,Francesco Chicchiricc
frm,Francesco Mari
toffer,Francis Christopher Liu
toffer,Francis Christopher Liu
toffer,Francis Christopher Liu
fr0686,Frank Barnaby
frankscholten,Frank Scholten
frankscholten,Frank Scholten
forsthofer,Franz Forsthofer
fr0683,Fred Oliver
ffang,Freeman Fang
ffang,Freeman Fang
ffang,Freeman Fang
ffang,Freeman Fang
ffang,Freeman Fang
ffang,Freeman Fang
ffang,Freeman Fang
ffang,Freeman Fang
ffang,Freeman Fang
ffang,Freeman Fang
ffang,Freeman Fang
ffang,Freeman Fang
ga0266,Gabriele Garuglieri
ga1272,Gabriele Garuglieri
gcrawford,Gabrielle Crawford
gangtimliu,Gang Tim Liu
gangtimliu,Gang Tim Liu
ggregory,Gary Gregory
garyh,Gary Helmling
garyh,Gary Helmling
gtully,Gary Tully
gtully,Gary Tully
gtully,Gary Tully
gtully,Gary Tully
gtully,Gary Tully
gtully,Gary Tully
ga0151,Gayan Asanka
ga1138,Gayan Asanka
ge0342,Geir Magnusson Jr.
ge0386,Geir Magnusson Jr.
ge0629,Geir Magnusson Jr.
ge0642,Geir Magnusson Jr.
ge1641,Geir Magnusson Jr.
ge1655,Geir Magnusson Jr.
ge2246,Geir Magnusson Jr.
ge2588,Geir Magnusson Jr.
geirm,Geir Magnusson Jr.
geirm,Geir Magnusson Jr.
geirm,Geir Magnusson Jr.
geirm,Geir Magnusson Jr.
geirm,Geir Magnusson Jr.
geirm,Geir Magnusson Jr.
geirm,Geir Magnusson Jr.
geirm,Geir Magnusson Jr.
geirm,Geir Magnusson Jr.
geirm,Geir Magnusson Jr.
geirm,Geir Magnusson Jr.
geirm,Geir Magnusson Jr.
gera,Gera Shegalov
gpetracek,Gerhard Petracek
gpetracek,Gerhard Petracek
gpetracek,Gerhard Petracek
gertv,Gert Vanthienen
gertv,Gert Vanthienen
gertv,Gert Vanthienen
gertv,Gert Vanthienen
gertv,Gert Vanthienen
gertv,Gert Vanthienen
gertv,Gert Vanthienen
gertv,Gert Vanthienen
gertv,Gert Vanthienen
gertv,Gert Vanthienen
gertv,Gert Vanthienen
gertv,Gert Vanthienen
giacomolm,Giacomo Lamonaco
gi0745,Gianfranco Boccalon
gi0746,Gianfranco Boccalon
gi0747,Gianfranco Boccalon
gi0343,Gianny D'Amour
gi0344,Gianny D'Amour
gkesavan,Giridharan Kesavan
gkesavan,Giridharan Kesavan
gkesavan,Giridharan Kesavan
gkesavan,Giridharan Kesavan
gkesavan,Giridharan Kesavan
gkesavan,Giridharan Kesavan
gkesavan,Giridharan Kesavan
gkesavan,Giridharan Kesavan
gkesavan,Giridharan Kesavan
gkesavan,Giridharan Kesavan
gkesavan,Giridharan Kesavan
totaro,Giuseppe Totaro
gdaniels,Glen Daniels
gdaniels,Glen Daniels
gdaniels,Glen Daniels
gdaniels,Glen Daniels
gdaniels,Glen Daniels
gdaniels,Glen Daniels
gdaniels,Glen Daniels
gl0037,Glen Klyuzner
gl0038,Glen Klyuzner
gl0039,Glen Klyuzner
gl0040,Glen Klyuzner
gl0041,Glen Klyuzner
gcapan,Gokhan Capan
gopalv,Gopal Vijayaraghavan
Gerhard Petracek,gpetracek
gr0746,Gregoire A. Autric
gr0747,Gregoire A. Autric
gr0748,Gregoire A. Autric
grace.huang,Grace Huang
gr0060,Graham Charters
gr0061,Graham Charters
gr0062,Graham Charters
graham.gear,Graham Gear
gturrell,Graham Turrell
gturrell,Graham Turrell
gsingers,Grant Ingersoll
gr2645,Greg Chanan
gr0754,Greg Lucas
gr0755,Greg Lucas
gr0756,Greg Lucas
gr0681,Greg Trasuk
gr0682,Greg Trasuk
gr0683,Greg Trasuk
gregw,Greg Wilkins
gregw,Greg Wilkins
gregw,Greg Wilkins
gregw,Greg Wilkins
gregw,Greg Wilkins
gregw,Greg Wilkins
gregw,Greg Wilkins
gregw,Greg Wilkins
gregw,Greg Wilkins
gchanan,Gregory Chanan
gchanan,Gregory Chanan
gchanan,Gregory Chanan
gwimmel,Guido Wimmel
gu1803,Guido Wimmel
gnodet,Guillaume Nodet
gnodet,Guillaume Nodet
gnodet,Guillaume Nodet
gnodet,Guillaume Nodet
gnodet,Guillaume Nodet
gnodet,Guillaume Nodet
gnodet,Guillaume Nodet
gnodet,Guillaume Nodet
gnodet,Guillaume Nodet
gnodet,Guillaume Nodet
gnodet,Guillaume Nodet
gu0061,Guillaume Nodet
gu1040,Guillaume Nodet
gu2065,Guillaume Nodet
gu2248,Guillaume Nodet
gnodet,Guillaume Nodet
gnodet,Guillaume Nodet
gnodet,Guillaume Nodet
gnodet,Guillaume Nodet
gnodet,Guillaume Nodet
gnodet,Guillaume Nodet
gnodet,Guillaume Nodet
gnodet,Guillaume Nodet
gu1336,Guillaume Nodet
gunther,Gunther Hagleitner
gunther,Gunther Hagleitner
gwenshap,Gwen Shapira
hadrian,Hadrian Zbarcea
hadrian,Hadrian Zbarcea
hadrian,Hadrian Zbarcea
hadrian,Hadrian Zbarcea
hadrian,Hadrian Zbarcea
hadrian,Hadrian Zbarcea
ha0373,Hai Hong Xu
ha1337,Hai Hong Xu
ha2249,Hai Hong Xu
hairong,Hairong Kuang
hairong,Hairong Kuang
hairong,Hairong Kuang
hairong,Hairong Kuang
hairong,Hairong Kuang
ha0038,Hakan Guleryuz
ha0039,Hakan Guleryuz
ha0040,Hakan Guleryuz
ha0041,Hakan Guleryuz
ha0042,Hakan Guleryuz
ha2646,Hao Hao
harisankar,Hari Sankar Sivarama Subramaniyan
hshreedharan,Hari Shreedharan
hshreedharan,Hari Shreedharan
rhbutani,Harish Butani
rhbutani,Harish Butani
harsh,Harsh Chouraria
harsh,Harsh Chouraria
harsh,Harsh Chouraria
harsh,Harsh J
hazems,Hazem Saleh
he yongqiang,He Yongqiang
hkesler,Heath Kesler
hkesler,Heath Kesler
hkesler,Heath Kesler
he0643,Heath Thomann
he2589,Heath Thomann
he1642,Heath Thomann
he1161,Helder Magalhaes
he0644,Helen Xu
he1643,Helen Xu
he2590,Helen Xu
henning,Henning P. Schmiedehausen
henning,Henning P. Schmiedehausen
henning,Henning P. Schmiedehausen
henning,Henning P. Schmiedehausen
henning,Henning P. Schmiedehausen
henning,Henning P. Schmiedehausen
henning,Henning P. Schmiedehausen
henning,Henning P. Schmiedehausen
henning,Henning P. Schmiedehausen
henry,Henry Robinson
henry,Henry Robinson
hekonsek,Henryk Konsek
hekonsek,Henryk Konsek
he0344,Hernan Cunico
he0388,Hernan Cunico
hboutemy,HervÌ© Boutemy
heshan,Heshan Suriyaarachchi
heshan,Heshan Suriyaarachchi
heshan,Heshan Suriyaarachchi
Humberto Hernandez,hhernandez
chirino,Hiram Chirino
chirino,Hiram Chirino
chirino,Hiram Chirino
chirino,Hiram Chirino
chirino,Hiram Chirino
chirino,Hiram Chirino
chirino,Hiram Chirino
chirino,Hiram Chirino
chirino,Hiram Chirino
hi0062,Hiram Chirino
hi1041,Hiram Chirino
hi2066,Hiram Chirino
hi2250,Hiram Chirino
chirino,Hiram Chirino
chirino,Hiram Chirino
chirino,Hiram Chirino
chirino,Hiram Chirino
chirino,Hiram Chirino
hi1338,Hiram Chirino
hiranya,Hiranya Jayathilaka
hiranya,Hiranya Jayathilaka
hiranya,Hiranya Jayathilaka
hitesh,Hitesh Shah
hitesh,Hitesh Shah
hitesh,Hitesh Shah
hitesh,Hitesh Shah
hitesh,Hitesh Shah
hitesh,Hitesh Shah
hitesh,Hitesh Shah
hitesh,Hitesh Shah
ho0063,Holly Cummins
ho1042,Holly Cummins
ho2067,Holly Cummins
ho0374,Hong Fang Han 'Janet'
ho1339,Hong Fang Han 'Janet'
ho2251,"Hong Fang Han ""Janet"""
hdeng,Hongchao Deng
ho0748,Hossam Karim
ho2699,Hossam Karim
ho1735,Hossam Karim
hhernandez,Humberto Hernandez
hhernandez,Humberto Hernandez
hu1890,Hung Pham
ieb ,Ian Boston
ieb ,Ian Boston
ia2533,Ian Downes
ia0064,Ian Robinson
ia1043,Ian Robinson
ia2068,Ian Robinson
im2710,Imran Rashid
indika,Indika Kumara
indika,Indika Kumara
indika,Indika Kumara
iocanel,Ioannis Canellos
iocanel,Ioannis Canellos
iocanel,Ioannis Canellos
iocanel,Ioannis Canellos
iocanel,Ioannis Canellos
iocanel,Ioannis Canellos
iocanel,Ioannis Canellos
iocanel,Ioannis Canellos
iocanel,Ioannis Canellos
iocanel,Ioannis Canellos
iocanel,Ioannis Canellos
iocanel,Ioannis Canellos
iocanel,Ioannis Canellos
iocanel,Ioannis Canellos
iocanel,Ioannis Canellos
iocanel,Ioannis Canellos
isabel,Isabel Drost-Fromm
iv2034,Ivan Mitic
ivanmi,Ivan Mitic
ivanmi,Ivan Mitic
hoffmann,Jï¿½_rgen Hoffmann
hoffmann,Jï¿½_rgen Hoffmann
hoffmann,Jï¿½_rgen Hoffmann
hoffmann,Jï¿½_rgen Hoffmann
hoffmann,Jï¿½_rgen Hoffmann
hoffmann,Jï¿½_rgen Hoffmann
ja0345,Jacek Laskowski
ja0389,Jacek Laskowski
ja1891,Jacob Meisler
jagane,Jagane Sundar
jagane,Jagane Sundar
jaimin,Jaimin Jetly
jaimin,Jaimin Jetly
jake.mannix,Jake Mannix
jghoman,Jakob Homan
jghoman,Jakob Homan
jghoman,Jakob Homan
jghoman,Jakob Homan
jghoman,Jakob Homan
jghoman,Jakob Homan
jghoman,Jakob Homan
jaliya,Jaliya Ekanayake
jaliya,Jaliya Ekanayake
jaliya,Jaliya Ekanayake
jaliya,Jaliya Ekanayake
jaliya,Jaliya Ekanayake
jaliya,Jaliya Ekanayake
jcarman,James Carman
jcarman,James Carman
jcarman,James Carman
jcarman,James Carman
jcarman,James Carman
jcarman,James Carman
ja0995,James Duncan Davidson
jmitchell,James Mitchell
jmitchell,James Mitchell
jamespage,James Page
ja0065,James Strachan
ja1044,James Strachan
ja2069,James Strachan
ja2252,James Strachan
jstrachan,James Strachan
jstrachan,James Strachan
jstrachan,James Strachan
jstrachan,James Strachan
jstrachan,James Strachan
jstrachan,James Strachan
jstrachan,James Strachan
jstrachan,James Strachan
jstrachan,James Strachan
jstrachan,James Strachan
jstrachan,James Strachan
jstrachan,James Strachan
jstrachan,James Strachan
jstrachan,James Strachan
jstrachan,James Strachan
jstrachan,James Strachan
jstrachan,James Strachan
jstrachan,James Strachan
ja1340,James Strachan
jstrachan,James Strachan
jstrachan,James Strachan
jstrachan,James Strachan
jstrachan,James Strachan
jstrachan,James Strachan
jstrachan,James Strachan
jgoodyear,Jamie Goodyear
jgoodyear,Jamie Goodyear
jgoodyear,Jamie Goodyear
jgoodyear,Jamie Goodyear
jgoodyear,Jamie Goodyear
jgoodyear,Jamie Goodyear
jgoodyear,Jamie Goodyear
ja0265,Jamie M. Guillemette
ja1271,Jamie M. Guillemette
ja0346,Jan Bartel
ja0390,Jan Bartel
ja2253,Jan Bartel
janb,Jan Bartel
janb,Jan Bartel
ja1341,Jan Bartel
janb,Jan Bartel
jbernhardt,Jan Bernhardt
jbernhardt,Jan Bernhardt
jbernhardt,Jan Bernhardt
jbernhardt,Jan Bernhardt
luehe,Jan Luehe
luehe,Jan Luehe
matyix,Janos Matyas
ja0066,Jarek Gawor
ja0347,Jarek Gawor
ja0391,Jarek Gawor
ja1045,Jarek Gawor
ja2070,Jarek Gawor
ja2254,Jarek Gawor
jgawor,Jarek Gawor
ja1342,Jarek Gawor
jgawor,Jarek Gawor
jgawor,Jarek Gawor
jgawor,Jarek Gawor
ja2647,Jarek Jarcec Cecho
jarcec,Jaroslav Cecho
jarcec,Jaroslav Cecho
ja2705,Jason Dai
jdere,Jason Dere
ja0348,Jason Dillon
ja0392,Jason Dillon
jlowe,Jason Lowe
jlowe,Jason Lowe
jlowe,Jason Lowe
jvanzyl,Jason van Zyl
jvanzyl,Jason van Zyl
jvanzyl,Jason van Zyl
jvanzyl,Jason van Zyl
jvanzyl,Jason van Zyl
jvanzyl,Jason van Zyl
jvanzyl,Jason van Zyl
ja1343,Jason Warner
ja2255,Jason Warner
ja0349,Jay D. McHugh
ja0393,Jay D. McHugh
jaya,Jayachandra Sekhara Rao Sunkara
jaya,Jayachandra Sekhara Rao Sunkara
jaya,Jayachandra Sekhara Rao Sunkara
jaya,Jayachandra Sekhara Rao Sunkara
jaydeep,Jaydeep Vishwakarma
jluniya,Jayush Luniya
je2071,Jean-Baptiste Onofrï¿½ï¿½ï¿½
jbonofre,Jean-Baptiste Onofre
jbonofre,Jean-Baptiste Onofre
jbonofre,Jean-Baptiste Onofre
jbonofre,Jean-Baptiste Onofre
jbonofre,Jean-Baptiste Onofre
jbonofre,Jean-Baptiste Onofre
jbonofre,Jean-Baptiste Onofre
jbonofre,Jean-Baptiste Onofre
jbonofre,Jean-Baptiste Onofre
jbonofre,Jean-Baptiste Onofre
jbonofre,Jean-Baptiste Onofre
jbonofre,Jean-Baptiste Onofre
jbonofre,Jean-Baptiste Onofre
jbonofre,Jean-Baptiste Onofre
jbonofre,Jean-Baptiste Onofre
jbonofre,Jean-Baptiste Onofre
jbonofre,Jean-Baptiste Onofre
jbonofre,Jean-Baptiste Onofre
jbonofre,Jean-Baptiste Onofre
jckautzmann,Jean-Christophe Kautzmann
jdcryans,Jean-Daniel Cryans
jdcryans,Jean-Daniel Cryans
jdcryans,Jean-Daniel Cryans
je0067,Jean-Sebastien Delfino
je1046,Jean-Sebastien Delfino
je2072,Jean-Sebastien Delfino
jwaldman,Jeanne Waldman
u115,Jeff Barrett
u1102,Jeff Barrett
jsdever,Jeff Dever
jsdever,Jeff Dever
jeastman,Jeff Eastman
jfield,Jeff Field
jfield,Jeff Field
je2256,Jeff Genender
jgenender,Jeff Genender
jgenender,Jeff Genender
jgenender,Jeff Genender
jgenender,Jeff Genender
jgenender,Jeff Genender
jgenender,Jeff Genender
je1344,Jeff Genender
jgenender,Jeff Genender
jgenender,Jeff Genender
jgenender,Jeff Genender
hammer,Jeff Hammerbacher
hammer,Jeff Hammerbacher
hammer,Jeff Hammerbacher
hammer,Jeff Hammerbacher
je0039,Jeff Lansing
je1197,Jeff Lansing
je1936,Jeff Lansing
je2162,Jeff Lansing
je0226,Jeff Lansing
je2030,Jeff Markham
sposetti,Jeff Sposetti
jeffyu,Jeff Yu
jeffyu,Jeff Yu
jeffyu,Jeff Yu
jeffyu,Jeff Yu
brekke,Jeffrey D. Brekke
brekke,Jeffrey D. Brekke
je2523,Jeffrey E Rodriguez
jeffreyz,Jeffrey Zhong
jeffreyz,Jeffrey Zhong
jrbauer,Jeremy Bauer
jrbauer,Jeremy Bauer
jrbauer,Jeremy Bauer
jrbauer,Jeremy Bauer
jrbauer,Jeremy Bauer
jrbauer,Jeremy Bauer
jrbauer,Jeremy Bauer
jrbauer,Jeremy Bauer
je0375,Jeremy Boynes
hughesj,Jeremy Hughes
hughesj,Jeremy Hughes
je0068,Jeremy Hughes
je1047,Jeremy Hughes
je2073,Jeremy Hughes
je1893,Jerry He
je0994,Jesse Glick
jmcconnell,Jesse McConnell
jmcconnell,Jesse McConnell
je1010,Jessica Seastrom
je1894,Jessica Seastrom
jcamacho,Jesus Camacho Rodriguez
jcamacho,Jesus Camacho Rodriguez
jianhe,Jian He
jianhe,Jian He
ji0305,Jim Birchfield
ji1307,Jim Birchfield
jxiang,Jimmy Xiang
jxiang,Jimmy Xiang
jxiang,Jimmy Xiang
jxiang,Jimmy Xiang
jerryjch,Jing Chen (Jerry) He
jing9,Jing Zhao
jing9,Jing Zhao
jitendra,Jitendra Nath Pandey
jitendra,Jitendra Nath Pandey
jitendra,Jitendra Nath Pandey
jitendra,Jitendra Nath Pandey
jitendra,Jitendra Nath Pandey
jitendra,Jitendra Nath Pandey
jitendra,Jitendra Nath Pandey
jitendra,Jitendra Nath Pandey
jitendra,Jitendra Nath Pandey
jitendra,Jitendra Nath Pandey
jitendra,Jitendra Nath Pandey
John McNally,jmcnally
joakime,Joakim Erdfelt
joakime,Joakim Erdfelt
joakime,Joakim Erdfelt
jo0069,Joe Bohn
jo0350,Joe Bohn
jo0394,Joe Bohn
jo1048,Joe Bohn
jo2074,Joe Bohn
jo2257,Joe Bohn
jo1345,Joe Bohn
jo2648,Joe Brockmeier
jo0040,Joe Fernandez
jo1198,Joe Fernandez
jo1937,Joe Fernandez
jo2163,Joe Fernandez
jo0227,Joe Fernandez
jo0646,Joe Grassel
jo2592,Joe Grassel
jo1645,Joe Grassel
jo0304,Joe Walnes
jo1306,Joe Walnes
joe,Joe Walnes
joe,Joe Walnes
joe,Joe Walnes
zhewang,Joe Wang
joed,Johan Edstrom
joed,Johan Edstrom
joed,Johan Edstrom
joed,Johan Edstrom
joed,Johan Edstrom
joed,Johan Edstrom
johan,Johan Oskarsson
johan,Johan Oskarsson
johan,Johan Oskarsson
johan,Johan Oskarsson
johan,Johan Oskarsson
johan,Johan Oskarsson
johan,Johan Oskarsson
jdcasey,John Casey
jkaputin,John Kaputin
jkaputin,John Kaputin
jkeyes,John Keyes
jkeyes,John Keyes
jo0685,John McClain
jmcnally,John McNally
jmcnally,John McNally
jmcnally,John McNally
jmcnally,John McNally
jmcnally,John McNally
jpullokk,John Pullokkaran
jpullokk,John Pullokkaran
jo0351,John R. Sisson
jo0395,John R. Sisson
jo0070,John Ross
jo1049,John Ross
jo2075,John Ross
jvs,John Sichi
jvs,John Sichi
jspeidel,John Speidel
jspeidel,John Speidel
jspeidel,John Speidel
jspiedel,John Spiedel
johnyrufus,Johny Rufus
Jon Scott Stevens,jon
janstey,Jon Anstey
janstey,Jon Anstey
janstey,Jon Anstey
janstey,Jon Anstey
janstey,Jon Anstey
janstey,Jon Anstey
janstey,Jon Anstey
janstey,Jon Anstey
janstey,Jon Anstey
jon,Jon Scott Stevens
jon,Jon Scott Stevens
jon,Jon Scott Stevens
jon,Jon Scott Stevens
jon,Jon Scott Stevens
jlim,Jonas Lim
jlim,Jonas Lim
jcoveney,Jonathan Coveney
jcoveney,Jonathan Coveney
jeagles,Jonathan Eagles
jeagles,Jonathan Eagles
jeagles,Jonathan Eagles
jmhsieh,Jonathan Hsieh
jmhsieh,Jonathan Hsieh
jmhsieh,Jonathan Hsieh
jmhsieh,Jonathan Hsieh
jmhsieh,Jonathan Hsieh
jmhsieh,Jonathan Hsieh
jmhsieh,Jonathan Hsieh
jonathanhurley,Jonathan Hurley
jo2031,Jonathan Maron
Jorgen Loland,jorgenlo
elserj,Josh Elser
elserj,Josh Elser
elserj,Josh Elser
elserj,Josh Elser
jo2606,Josh Elser
jsensarma,Joydeep Sen Sarma
jssarma,Joydeep Sensarma
jssarma,Joydeep Sensarma
Jeremy Bauer,jrbauer
James Strachan,jstrachan
ju0684,Juan Ramirez
ju2032,Juanjo Marron
ju0747,Juergen Mayrbaeurl
ju2698,Juergen Mayrbaeurl
ju1734,Juergen Mayrbaeurl
ju1589,Jukasz Dywicki
jukka,Jukka Zitting
jukka,Jukka Zitting
jukka,Jukka Zitting
jukka,Jukka Zitting
jukka,Jukka Zitting
juliaw,Julia Wang
jhyde,Julian Hyde
reschke,Julian Reschke
reschke,Julian Reschke
reschke,Julian Reschke
julien,Julien Le Dem
julien,Julien Le Dem
julien,Julien Le Dem
julien,Julien Le Dem
jnioche,Julien Nioche
jnioche,Julien Nioche
ju1346,Jun Jie Cai 'Jack'
ju2258,"Jun Jie Cai ""Jack"""
junping_du,Junping Du
justin,Justin Edelson
justin,Justin Edelson
justin,Justin Edelson
justin,Justin Edelson
justin,Justin Edelson
justin ,Justin Edelson
justin ,Justin Edelson
Jason van Zyl,jvanzyl
Knut Anders Hatlen,kahatlen
drankye,Kai Zheng
kzhang,Kan Zhang
kzhang,Kan Zhang
kzhang,Kan Zhang
kzhang,Kan Zhang
kzhang,Kan Zhang
kzhang,Kan Zhang
kzhang,Kan Zhang
kannan,Kannan Muthukkaruppan
kannan,Kannan Muthukkaruppan
kannan,Kannan Muthukkaruppan
kve,Karel Vervaeke
kve,Karel Vervaeke
kasha,Karthik Kambatla
kasha,Karthik Kambatla
karthik,Karthik Ranganathan
karthik,Karthik Ranganathan
karthik,Karthik Ranganathan
kasun,Kasun Samarasinghe
kasun,Kasun Samarasinghe
kasun,Kasun Samarasinghe
kathleen,Kathleen Ting
kaz,Kazuomi Kashii
kaz,Kazuomi Kashii
kaz,Kazuomi Kashii
keithc,Keith Chapman
keithc,Keith Chapman
kturner,Keith Turner
kturner,Keith Turner
kturner,Keith Turner
kturner,Keith Turner
kturner,Keith Turner
kturner,Keith Turner
kturner,Keith Turner
kturner,Keith Turner
kturner,Keith Turner
ke0352,Ken Coar
ke0353,Ken Coar
ke0354,Ken Coar
ke0355,Ken Coar
kevan,Kevan Miller
kevan,Kevan Miller
kevan,Kevan Miller
kevan,Kevan Miller
kevan,Kevan Miller
kevan,Kevan Miller
kevan,Kevan Miller
kevan,Kevan Miller
kevan,Kevan Miller
kevan,Kevan Miller
kminder,Kevin Minder
ke0631,Kevin Sutter
ke0632,Kevin Sutter
ke0633,Kevin Sutter
ke0634,Kevin Sutter
ke0635,Kevin Sutter
kevinwilfong,Kevin Wilfong
kevinwilfong,Kevin Wilfong
kihwal,Kihwal Lee
kihwal,Kihwal Lee
kihwal,Kihwal Lee
kiran,Kiran Chitturi
ki0074,Kiril Mitov
ki1053,Kiril Mitov
ki2078,Kiril Mitov
Kathey Marsden,kmarsden
knoguchi,Koji Noguchi
knoguchi,Koji Noguchi
cos,Konstantin Boudnik
cos,Konstantin Boudnik
cos,Konstantin Boudnik
cos,Konstantin Boudnik
ko0264,Konstantin Shaposhnikov
ko0265,Konstantin Shaposhnikov
shv,Konstantin Shvachko
shv,Konstantin Shvachko
shv,Konstantin Shvachko
shv,Konstantin Shvachko
shv,Konstantin Shvachko
kr2027,Krisztian Horvath
lwaterman,Lance Waterman
lwaterman,Lance Waterman
lwaterman,Lance Waterman
lwaterman,Lance Waterman
lmccay,Larry McCay
lmccay,Larry McCay
larsgeorge,Lars George
larsgeorge,Lars George
larsgeorge,Lars George
larsgeorge,Lars George
larsgeorge,Lars George
larsgeorge,Lars George
larsgeorge,Lars George
lhein,Lars Heinemann
lhein,Lars Heinemann
lhein,Lars Heinemann
lhein,Lars Heinemann
lhein,Lars Heinemann
lhein,Lars Heinemann
lhein,Lars Heinemann
lhein,Lars Heinemann
lmandel,Lawrence Mandel
lmandel,Lawrence Mandel
le0072,Lei 'Rex' Wang
le2076,"Lei ""Rex"" Wang"
le1051,Lei Rex Wang
le0353,Lei SO Wang 'Rex'
le0397,Lei SO Wang 'Rex'
le1349,Lei SO Wang 'Rex'
le2260,"Lei SO Wang ""Rex"""
lei,Lei Xu
le2649,Lenni Kuff
lewismc,Lewis John McGibbney
lewismc,Lewis John McGibbney
lewismc,Lewis John McGibbney
lewismc,Lewis John McGibbney
gtcarrera9,Li Lu
lirui,Li Rui
li0354,Lin Quan Jiang 'Shawn'
li0398,Lin Quan Jiang 'Shawn'
li1350,Lin Quan Jiang 'Shawn'
li2261,"Lin Quan Jiang ""Shawn"""
li0073,Lin Sun
li0073,Lin Sun
li0073,Lin Sun
li0073,Lin Sun
li0073,Lin Sun
li0073,Lin Sun
li0073,Lin Sun
liyin,Liyin Tang
liyin,Liyin Tang
liyin,Liyin Tang
lohit,Lohit Vijayarenu
Luciano Resende,lresende
lresende,Luciano Resende
lresende,Luciano Resende
lresende,Luciano Resende
llu,Luke Lu
umagesh,Magesh Umasankar
mahadev,Mahadev Konar
mahadev,Mahadev Konar
mahadev,Mahadev Konar
mahadev,Mahadev Konar
mahadev,Mahadev Konar
mahadev,Mahadev Konar
mahadev,Mahadev Konar
mahadev,Mahadev Konar
mahadev,Mahadev Konar
mahadev,Mahadev Konar
mahadev,Mahadev Konar
maja,Maja Kabiljo
mkononenko,Maksim Kononenko
medgar,Malcolm Edgar
medgar,Malcolm Edgar
medgar,Malcolm Edgar
muthaman,Mamallan Uthaman
Mamta,mamta
ma2263,Manu George
ma1352,Manu George
mreutegg,Marcel Reutegger
mreutegg,Marcel Reutegger
mreutegg,Marcel Reutegger
ma2712,Marcelo Vanzin
ma0041,Marco Buss
ma1199,Marco Buss
ma1938,Marco Buss
ma2165,Marco Buss
ma0229,Marco Buss
mdisabatino,Marco Di Sabatino Di Diodoro
mdisabatino,Marco Di Sabatino Di Diodoro
mdisabatino,Marco Di Sabatino Di Diodoro
mdisabatino,Marco Di Sabatino Di Diodoro
mariia,Mariia Mykhailova
imario,Mario Ivankovits
imario,Mario Ivankovits
imario,Mario Ivankovits
imario,Mario Ivankovits
imario,Mario Ivankovits
imario,Mario Ivankovits
imario,Mario Ivankovits
ma0376,Mark DeLaFranier
ma1939,Mark Frazier
ma2650,Mark Grover
ma0075,Mark Nuttall
ma1054,Mark Nuttall
ma2079,Mark Nuttall
markt,Mark Thomas
mwagner,Mark Wagner
mdahm,Markus Dahm
mdahm,Markus Dahm
weimer,Markus Weimer
mpierce,Marlon Pierce
martijnh,Martijn Hendriks
martijnh,Martijn Hendriks
martijnh,Martijn Hendriks
martinc,Martin Cooper
martinc,Martin Cooper
ma0749,Martin Krasser
ma2700,Martin Krasser
ma1736,Martin Krasser
mpoeschl,Martin Poeschl
mpoeschl,Martin Poeschl
mpoeschl,Martin Poeschl
mpoeschl,Martin Poeschl
mpoeschl,Martin Poeschl
mpoeschl,Martin Poeschl
mpoeschl,Martin Poeschl
mvdb,Martin van den Bemt
ma2602,Maryann Xue
maryannxue,Maryann Xue
massi,Massimiliano Perrone
massi,Massimiliano Perrone
massi,Massimiliano Perrone
massi,Massimiliano Perrone
ma0042,Mathew Kuppe
ma1200,Mathew Kuppe
ma1940,Mathew Kuppe
ma2166,Mathew Kuppe
ma0230,Mathew Kuppe
mbenson,Matt Benson
mbenson,Matt Benson
mbenson,Matt Benson
mbenson,Matt Benson
mcooper,Matt Cooper
mattf,Matt Foley
mattf,Matt Foley
mattf,Matt Foley
mattf,Matt Foley
mattf,Matt Foley
hogstrom,Matt Hogstrom
ma0721,Matt Hogstrom
ma0737,Matt Hogstrom
hogstrom,Matt Hogstrom
hogstrom,Matt Hogstrom
mlovett,Matt Lovett
mlovett,Matt Lovett
massie,Matt Massie
mmccline,Matt McCline
ma0356,Matt R. Hogstrom
ma0400,Matt R. Hogstrom
mbertozzi,Matteo Bertozzi
mbertozzi,Matteo Bertozzi
mbertozzi,Matteo Bertozzi
duftler,Matthew Duftler
duftler,Matthew Duftler
ma2023,Matthew Farrellee
mafr,Matthias Friedrich
matzew,Matthias Wessendorf
matzew,Matthias Wessendorf
matzew,Matthias Wessendorf
matzew,Matthias Wessendorf
matzew,Matthias Wessendorf
matzew,Matthias Wessendorf
matzew,Matthias Wessendorf
matzew,Matthias Wessendorf
Matthias Wessendorf,matzew
mkington,Max Kington
mkington,Max Kington
mkington,Max Kington
mstarets,Max Starets
Matt Benson,mbenson
mengwei,Mengwei Ding
meteatamel,Mete Atamel
meteatamel,Mete Atamel
meteatamel,Mete Atamel
mconcini,Michael Concini
mconcini,Michael Concini
mconcini,Michael Concini
mconcini,Michael Concini
mconcini,Michael Concini
mduerig,Michael Dï¿½_rig
mduerig,Michael Dï¿½_rig
mduerig,Michael Dï¿½_rig
mgaffney,Michael Gaffney
mgaffney,Michael Gaffney
mgaffney,Michael Gaffney
joyce,Michael Joyce
u136,Michael Rheinheimer
u1123,Michael Rheinheimer
mi2603,Michael Stack
stack,Michael Stack
stack,Michael Stack
stack,Michael Stack
stack,Michael Stack
stack,Michael Stack
stack,Michael Stack
mdrob,Mike Drob
mdrob,Mike Drob
mdrob,Mike Drob
mykee,Mike Mï¿½_ller
mykee,Mike Mï¿½_ller
mykee ,Mike Mï¿½_ller
mykee ,Mike Mï¿½_ller
mpercy,Mike Percy
mperham,Mike Perham
mperham,Mike Perham
mperham,Mike Perham
mi1896,Mike Walch
Mike Matrigali,mikem
antonov,Mikhail Antonov
mbautin,Mikhail Bautin
mbautin,Mikhail Bautin
mbautin,Mikhail Bautin
milinda,Milinda Pathirage
mingma,Ming Ma
mi1353,Ming Xai 'Forrest'
mi2264,"Ming Xai ""Forrest"""
misty,Misty Stanley-Jones
mithun,Mithun Radhakrishnan
mi1201,Mitko Kolev
mi2167,Mitko Kolev
mi0231,Mitko Kolev
Mohammad Nour El-Din,mnour
mnour,Mohammad Nour El-Din
mnour,Mohammad Nour El-Din
mnour,Mohammad Nour El-Din
morgand,Morgan Delagrange
mo2035,Mostafa Mokhtar
Martin Poeschl,mpoeschl
mukund,Mukund Madhugiri
mukund,Mukund Madhugiri
Myrna van Lunteren,myrnavl
mpapirkovskyy,Myroslav Papyrkovskyy
mpapirkovskyy,Myroslav Papyrkovskyy
Martin Zaun,mzaun
na0153,Nadana Gunarathna
na1140,Nadana Gunarathna
smnaha,Nahappan Somasundaram
namit,Namit Jain
namit,Namit Jain
nandana,Nandana Mihindukulasooriya
nandana,Nandana Mihindukulasooriya
nandana,Nandana Mihindukulasooriya
nandana,Nandana Mihindukulasooriya
ncole,Nate Cole
ncole,Nate Cole
arista,Nathan Abramson
arista,Nathan Abramson
nbubna,Nathan Bubna
nbubna,Nathan Bubna
nbubna,Nathan Bubna
nbubna,Nathan Bubna
nbubna,Nathan Bubna
nbubna,Nathan Bubna
nbubna,Nathan Bubna
nbubna,Nathan Bubna
navis,Navis Ryu
navis,Navis Ryu
navis,Navis Ryu
ne0043,Neil Clayton
ne1202,Neil Clayton
ne1941,Neil Clayton
ne2168,Neil Clayton
ne0232,Neil Clayton
u121,Nicholas Gallardo
u1108,Nicholas Gallardo
ndimiduk,Nick Dimiduk
ni2022,Nick Dimiduk
ndimiduk,Nick Dimiduk
ni2709,Nick Pentreath
ni0044,Nick Reid
ni1203,Nick Reid
ni1942,Nick Reid
ni2169,Nick Reid
ni0233,Nick Reid
ni2765,Nicola Baiocco
ni0267,Nicolas De Loof
ni1273,Nicolas De Loof
ni1165,Nicolas Socheleau
nspiegelberg,Nicolas Spiegelberg
nspiegelberg,Nicolas Spiegelberg
nspiegelberg,Nicolas Spiegelberg
u145,Nikhil Thaker
u1132,Nikhil Thaker
ni2536,Niklas Quarfot Nielsen
niklas,Niklas Therning
niklas,Niklas Therning
niklas,Niklas Therning
ni0076,Nikolai Tankov
ni1055,Nikolai Tankov
ni2080,Nikolai Tankov
nzhang,Ning Zhang
nzhang,Ning Zhang
nzhang,Ning Zhang
ndoshi,Nipurn Doshi
nitay,Nitay Joffe
olegk,Oleg Kalnichevski
olegk,Oleg Kalnichevski
olegk,Oleg Kalnichevski
onechiporenko,Oleg Nechiporenko
onechiporenko,Oleg Nechiporenko
odiachenko,Oleksandr Diachenko
olga,Olga Natkovich
olga,Olga Natkovich
olamy,Olivier Lamy
olamy,Olivier Lamy
os0841,Oshani Seneviratne
os1870,Oshani Seneviratne
omalley,Owen O'Malley
omalley,Owen O'Malley
omalley,Owen O'Malley
omalley,Owen O'Malley
omalley,Owen O'Malley
omalley,Owen O'Malley
omalley,Owen O'Malley
omalley,Owen O'Malley
omalley,Owen O'Malley
omalley,Owen O'Malley
omalley,Owen O'Malley
omalley,Owen O'Malley
omalley,Owen O'Malley
omalley,Owen O'Malley
omalley,Owen O'Malley
omalley,Owen O'Malley
omalley,Owen O'Malley
omalley,Owen O'Malley
hannonpi,Padraic Hannon
hannonpi,Padraic Hannon
hannonpi ,Padraic Hannon
hannonpi ,Padraic Hannon
pallavkul,Pallav Kulshreshtha
pallavi,Pallavi Rao
pranjan,Paritosh Ranjan
pa2524,Pascal Oliva
pa2651,Patrick Hunt
phunt,Patrick Hunt
phunt,Patrick Hunt
phunt,Patrick Hunt
phunt,Patrick Hunt
phunt,Patrick Hunt
phunt,Patrick Hunt
phunt,Patrick Hunt
phunt,Patrick Hunt
phunt,Patrick Hunt
ptr,Patrick Taylor Ramsey
pzf,Paul Fremantle
pzf,Paul Fremantle
pzf,Paul Fremantle
pzf,Paul Fremantle
pgier,Paul Gier
pgier,Paul Gier
pgier,Paul Gier
pisaychuk,Paul Isaychuk
pa0357,Paul McMahan
pa0401,Paul McMahan
pa2265,Paul McMahan
pa1354,Paul McMahan
paulnicolucci,Paul Nicolucci
pauly,Paul Yang
pauly,Paul Yang
pauly,Paul Yang
pavankumar,Pavan Kumar Kolamuri
ppiegaze,Peeter Piegaze
ppiegaze,Peeter Piegaze
ppiegaze,Peeter Piegaze
peeyushb,Peeyush Bishnoi
pxiong,Pengcheng Xiong
pbrooke,Peter Brooke
pbrooke,Peter Brooke
pbrooke,Peter Brooke
plinnell,Peter Linnell
pe0255,Peter Maddocks
pe1253,Peter Maddocks
pe1622,Peter Mahoney
pe2555,Peter Mahoney
pe0077,Peter Peshev
pe1056,Peter Peshev
pe2081,Peter Peshev
proyal,Peter Royal
proyal,Peter Royal
pe0752,Peter Smith
pe2703,Peter Smith
pe1739,Peter Smith
pdodds,Philip Dodds
pdodds,Philip Dodds
pdodds,Philip Dodds
pdodds,Philip Dodds
pdodds,Philip Dodds
philz,Philip Zeyliger
philz,Philip Zeyliger
philz,Philip Zeyliger
philz,Philip Zeyliger
pmarx,Philipp Marx
pmarx,Philipp Marx
pmarx,Philipp Marx
pierred,Pierre Delisle
pierred,Pierre Delisle
pragyam,Pragya Mittal
pr2043,Pramod Thangali
prasadc,Prasad Chakka
pr0358,Prasad Kashyap
pr0402,Prasad Kashyap
pr2266,Prasad Kashyap
pr1355,Prasad Kashyap
prasadm,Prasad Mujumdar
prasadm,Prasad Mujumdar
prasadm,Prasad Mujumdar
prasanth_j,Prasanth Jayachandran
pr2711,Prashant Sharma
ppakulski,Przemo Pakulski
ppakulski,Przemo Pakulski
ppakulski,Przemo Pakulski
qxu,Qian Xu
quintonm,Quinton McCombs
quintonm,Quinton McCombs
quintonm,Quinton McCombs
quintonm,Quinton McCombs
Quinton McCombs,quintonm
ra0750,Rabi Mishra
ra2701,Rabi Mishra
ra1737,Rabi Mishra
rr,Rafa? Rusin
rr,Rafa? Rusin
rr,Rafa? Rusin
rr,Rafa? Rusin
raghav,Raghav Kumar Gautam
rmurthy,Raghotam Murthy
rmurthy,Raghotam Murthy
rmurthy,Raghotham Murthy
rangadi,Raghu Angadi
rangadi,Raghu Angadi
rangadi,Raghu Angadi
rangadi,Raghu Angadi
rangadi,Raghu Angadi
ra2652,Raghu Mani
rahul,Rahul Akolkar
rahul,Rahul Akolkar
rahul,Rahul Akolkar
rahul,Rahul Akolkar
rahul,Rahul Akolkar
ra2604,Rajeshbabu Chintaguntla
rajeshbabu,Rajeshbabu Chintaguntla
rakeshr,Rakesh R
rgoers,Ralph Goers
rgoers,Ralph Goers
rgoers,Ralph Goers
rgoers,Ralph Goers
rgoers,Ralph Goers
rgoers,Ralph Goers
rgoers,Ralph Goers
rgoers,Ralph Goers
ra2045,Ram Venkatesh
raminder,Raminder Singh
ramkrishna,Ramkrishna S Vasudevan
ramkrishna,Ramkrishna S Vasudevan
ra2605,Ramkrishna Vasudevan
ramya,Ramya Sunil
ramya,Ramya Sunil
ramya,Ramya Sunil
ramya,Ramya Sunil
ramya,Ramya Sunil
ramya,Ramya Sunil
ramya,Ramya Sunil
rsaba,Ramzi Saba
rsaba,Ramzi Saba
rsaba,Ramzi Saba
rgs,Raul Gutierrez Segales
ra1013,Ravi Mutyala
ra1897,Ravi Mutyala
ra0648,Ravi Palacherla
ra2594,Ravi Palacherla
ra1647,Ravi Palacherla
ra0078,Raymond Feng
ra1057,Raymond Feng
ra2082,Raymond Feng
rene,RenÌ© Mulder
rene,RenÌ© Mulder
rene,RenÌ© Mulder
rmarroquin,Renato Marroquin
rmarroquin,Renato Marroquin
Rick Hillegas,rhillegas
scheu,Rich Scheuerle
scheu,Rich Scheuerle
scheu,Rich Scheuerle
scheu,Rich Scheuerle
rding,Richard Ding
rding,Richard Ding
rding,Richard Ding
rding,Richard Ding
rickette,Richard Kettelerij
rickette,Richard Kettelerij
rickette,Richard Kettelerij
rsitze,Richard Sitze
rzang,Richard Zang
rzhou1,Richard Zhou
ri0632,Rick Curtis
ri0649,Rick Curtis
ri1648,Rick Curtis
ri1658,Rick Curtis
ri2595,Rick Curtis
ri0359,Rick McGuire
ri0403,Rick McGuire
ri1356,Rick McGuire
rishumehrothra,Rishu Mehrothra
rajdavies,Rob Davies
rajdavies,Rob Davies
rajdavies,Rob Davies
rajdavies,Rob Davies
rajdavies,Rob Davies
rajdavies,Rob Davies
rajdavies,Rob Davies
rajdavies,Rob Davies
rajdavies,Rob Davies
rajdavies,Rob Davies
rajdavies,Rob Davies
roxspring,Rob Oxspring
roxspring,Rob Oxspring
rdonkin,Robert Burrell Donkin
rdonkin,Robert Burrell Donkin
rkanter,Robert Kanter
rkanter,Robert Kanter
robertlazarski,Robert Lazarski
robertlazarski,Robert Lazarski
rlevas,Robert Levas
ro0046,Robert Liguori
ro0751,Robert Liguori
ro1204,Robert Liguori
ro1738,Robert Liguori
ro1944,Robert Liguori
ro2170,Robert Liguori
ro2702,Robert Liguori
ro0234,Robert Liguori
rombert,Robert Munteanu
bobby,Robert(Bobby) Evans
bobby,Robert(Bobby) Evans
bobby,Robert(Bobby) Evans
bobby,Robert(Bobby) Evans
ro0045,Robin Roos
ro1205,Robin Roos
ro1943,Robin Roos
ro2171,Robin Roos
ro0235,Robin Roos
rwaldhoff,Rodney Waldhoff
rwaldhoff,Rodney Waldhoff
rwaldhoff,Rodney Waldhoff
rohini,Rohini Palaniswamy
ro0079,Roman Roelofsen
ro1058,Roman Roelofsen
ro2083,Roman Roelofsen
rvs,Roman Shaposhnik
romanstumm,Roman Stumm
romanstumm,Roman Stumm
romanstumm,Roman Stumm
Roman Stumm,romanstumm
ro0688,Ron Mann
roshannaik,Roshan Naik
ro2532,Ross Allen
rgardler,Ross Gardler
rgardler,Ross Gardler
fielding,Roy T. Fielding
fielding,Roy T. Fielding
fielding,Roy T. Fielding
ruchith,Ruchith Fernando
ruchith,Ruchith Fernando
ruchithf,Ruchith Fernando
ruchithf,Ruchith Fernando
ru1357,Run Hua Chi 'Jeff'
ru2267,"Run Hua Chi ""Jeff"""
rostafiychuk,Ruslan Ostafiychuk
ruwan,Ruwan Linton
ruwan,Ruwan Linton
ruwan,Ruwan Linton
ry1014,Ryan Fishel
ry1898,Ryan Fishel
rawson,Ryan Rawson
sebastien,SÌ©bastien Launay
sebastien,SÌ©bastien Launay
sebastien,SÌ©bastien Launay
sa0080,Sabine Heider
sa1059,Sabine Heider
sa2084,Sabine Heider
sa0360,Sachin P. Patel
sa0404,Sachin P. Patel
sa2268,Sachin P. Patel
sa1358,Sachin P. Patel
sachith,Sachith Withana
sagara,Sagara Gunathunga
sagara,Sagara Gunathunga
samarthg,Samarth Gupta
saminda,Saminda Abeyruwan
saminda,Saminda Abeyruwan
saminda,Saminda Abeyruwan
saminda,Saminda Abeyruwan
saminda,Saminda Abeyruwan
saminda,Saminda Abeyruwan
saminda,Saminda Abeyruwan
magyari_sandor,Sandor Magyari
sandymac,Sandy McArthur
sandy,Sandy Ryza
sandy,Sandy Ryza
sjlee,Sangjin Lee
sradia,Sanjay Radia
sradia,Sanjay Radia
sradia,Sanjay Radia
sradia,Sanjay Radia
sradia,Sanjay Radia
sanjiva,Sanjiva Weerawarana
sanjiva,Sanjiva Weerawarana
sanjiva,Sanjiva Weerawarana
sanjiva,Sanjiva Weerawarana
sanjiva,Sanjiva Weerawarana
sanjiva,Sanjiva Weerawarana
sanjiva,Sanjiva Weerawarana
sanjiva,Sanjiva Weerawarana
sanjiva,Sanjiva Weerawarana
sanka,Sanka Samaranayake
sanka,Sanka Samaranayake
sanka,Sanka Samaranayake
sanka,Sanka Samaranayake
sms,Santhosh Srinivasan
sms,Santhosh Srinivasan
sms,Santhosh Srinivasan
sms,Santhosh Srinivasan
sbanacho,Scott Banachowski
sbanacho,Scott Banachowski
sbanacho,Scott Banachowski
sbanacho,Scott Banachowski
schen,Scott Chun-Yang Chen
schen,Scott Chun-Yang Chen
schen,Scott Chun-Yang Chen
screeley,Scott Creeley
seade,Scott Eade
seade,Scott Eade
seade,Scott Eade
seade,Scott Eade
seade,Scott Eade
seade,Scott Eade
seade,Scott Eade
seade,Scott Eade
sully6768,Scott England-Sullivan
sully6768,Scott England-Sullivan
sully6768,Scott England-Sullivan
sobryan,Scott O'Bryan
sanders,Scott Sanders
Scott Eade,seade
busbey,Sean Busbey
busbey,Sean Busbey
busbey,Sean Busbey
se1015,Sean Busbey
sullis,Sean C. Sullivan
sullis,Sean C. Sullivan
se2653,Sean Mackrory
se2708,Sean Owen
srowen,Sean Owen
sschaffert,Sebastian Schaffert
stoader,Sebastian Toader
se2037,Selvamohan Neethiraj
senaka,Senaka Fernando
senaka,Senaka Fernando
senaka,Senaka Fernando
senaka,Senaka Fernando
se0081,Sergey Beryozkin
se1060,Sergey Beryozkin
se2085,Sergey Beryozkin
sershe,Sergey Shelukhin
sershe,Sergey Shelukhin
sershe,Sergey Shelukhin
spena,Sergio PeÌ±a
motus,Sergiy Matusevych
sertan,Sertan Alkan
sertan,Sertan Alkan
sertan,Sertan Alkan
sertan,Sertan Alkan
shaikidris,Shaik Idris
shameera,Shameera Rathnayaka
sh2707,Shane Huang
sharad,Sharad Agarwal
sharad,Sharad Agarwal
sharad,Sharad Agarwal
sharad,Sharad Agarwal
sharadag,Sharad Agarwal
sharadag,Sharad Agarwal
sharadag,Sharad Agarwal
sharad,Sharad Agarwal
sharad,Sharad Agarwal
shashank,Shashank Gupta
shawn,Shawn Bayern
sh0361,Shiva Kumar H R
sh0405,Shiva Kumar H R
sh2269,Shiva Kumar H R
sh1359,Shiva Kumar H R
sh0158,Shivantha Huruggamuwa
sh1145,Shivantha Huruggamuwa
shravan,Shravan M Narayanamurthy
sh2654,Shreepadma Venugopalan
shreyas,Shreyas Subramanya
sseth,Siddharth Seth
sseth,Siddharth Seth
sseth,Siddharth Seth
sseth,Siddharth Seth
sseth,Siddharth Seth
swagle,Siddharth Wagle
swagle,Siddharth Wagle
sgoeschl,Siegfried Goeschl
sgoeschl,Siegfried Goeschl
sgoeschl,Siegfried Goeschl
sgoeschl,Siegfried Goeschl
sgoeschl,Siegfried Goeschl
sgoeschl,Siegfried Goeschl
sijie,Sijie Guo
si0680,Sim IJskes
si2636,Sim IJskes
si1671,Sim IJskes
skitching,Simon Kitching
simonetripodi,Simone Tripodi
simonetripodi,Simone Tripodi
simonetripodi,Simone Tripodi
Simone Tripodi,simonetripodi
sdong,Siying Dong
sdong,Siying Dong
sowmya_kr,Sowmya Ramesh
sr2655,Sravya Tirukkovalur
sreekanth,Sreekanth Ramakrishnan
sr2040,Sreenath Somarajapuram
sriharsha,Sriharsha Chintalapani
ssrungarapu,Srikanth Srungarapu
sriksun,Srikanth Sundarrajan
srimanth,Srimanth Gunturi
srimanth,Srimanth Gunturi
srimanth,Srimanth Gunturi
hemapani,Srinath Perera
hemapani,Srinath Perera
hemapani,Srinath Perera
hemapani,Srinath Perera
hemapani,Srinath Perera
sr0377,Srinath Perera
sr0650,Srinivasa Segu
sr2596,Srinivasa Segu
sr1649,Srinivasa Segu
slewis,Stan Lewis
slewis,Stan Lewis
slewis,Stan Lewis
ssilvert,Stan Silvert
ssilvert,Stan Silvert
ssilvert,Stan Silvert
ssilvert,Stan Silvert
ssilvert,Stan Silvert
stefanegli,Stefan Egli
stefanegli,Stefan Egli
stefan,Stefan Guggisberg
stefan,Stefan Guggisberg
stefan,Stefan Guggisberg
snicoll,Stephane Nicoll
schu,Stephen Chu
syuanjiang,Stephen Yuan Jiang
stevel,Steve Loughran
stevel,Steve Loughran
stevel,Steve Loughran
stevel,Steve Loughran
stevel,Steve Loughran
stevel,Steve Loughran
stevel,Steve Loughran
stevel,Steve Loughran
stevel,Steve Loughran
stevel,Steve Loughran
stevel,Steve Loughran
stevel,Steve Loughran
sslavic,Stevo Slavi?
subin,Subin Modeel
suhasv,Suhas Vasu
sujen,Sujen Shah
sumedha,Sumedha Rubasinghe
sumedha,Sumedha Rubasinghe
su2026,Sumit Gupta
sumit,Sumit Gupta
smohanty,Sumit Mohanty
smohanty,Sumit Mohanty
smohanty,Sumit Mohanty
smarthi,Suneel Marthi
su2044,Sunitha Velpula
supun,Supun Kamburugamuva
supun,Supun Kamburugamuva
supun,Supun Kamburugamuva
scnakandala,Supun Nakandala
smarru,Suresh Marru
su2041,Suresh Srinivas
suresh,Suresh Srinivas
suresh,Suresh Srinivas
suresh,Suresh Srinivas
suresh,Suresh Srinivas
suresh,Suresh Srinivas
Suresh Thalamati,suresht
khorgath,Sushanth Sowmyan
khorgath,Sushanth Sowmyan
khorgath,Sushanth Sowmyan
khorgath,Sushanth Sowmyan
swapan,Swapan Shridhar
szehon,Szehon Ho
ta1900,Takahiko Saito
tanping,Tanping Wang
tanping,Tanping Wang
dunning,Ted Dunning
tdunning,Ted Dunning
tdunning,Ted Dunning
tdunning,Ted Dunning
te2270,Ted Kirby
te1360,Ted Kirby
te1901,Ted Malaska
te2046,Ted Yu
tedyu,Ted Yu
tedyu,Ted Yu
tedyu,Ted Yu
tedyu,Ted Yu
tedyu,Ted Yu
tejasp,Tejas Patil
thawan,Thawan Kooburat
thawan,Thawan Kooburat
th2036,Thejas Nair
thejas,Thejas Nair
thejas,Thejas Nair
thejas,Thejas Nair
thejas,Thejas Nair
thejas,Thejas Nair
thejas,Thejas Nair
thilina,Thilina Gunarathne
thilina,Thilina Gunarathne
thilina,Thilina Gunarathne
thilina,Thilina Gunarathne
th0154,Thilini Gunawardhana
th1141,Thilini Gunawardhana
tbeerbower,Thomas Beerbower
tbeerbower,Thomas Beerbower
tbeerbower,Thomas Beerbower
tbeerbower,Thomas Beerbower
th1159,Thomas DeWeese
th2706,Thomas Dudziak
tgraves,Thomas Graves
tgraves,Thomas Graves
tgraves,Thomas Graves
tgraves,Thomas Graves
mckierna,Thomas McKiernan
mckierna,Thomas McKiernan
thomasm,Thomas Mueller
thomasm,Thomas Mueller
thomasm,Thomas Mueller
tn,Thomas Neidhart
tterm,Thomas Termin
tterm,Thomas Termin
tterm,Thomas Termin
tterm,Thomas Termin
tterm,Thomas Termin
tv,Thomas Vandahl
tv,Thomas Vandahl
tv,Thomas Vandahl
tv,Thomas Vandahl
tv,Thomas Vandahl
th2538,Thomas White
tibor,Tibor Kiss
tibor,Tibor Kiss
tibor,Tibor Kiss
tibor,Tibor Kiss
tijs,Tijs Rademakers
tijs,Tijs Rademakers
tijs,Tijs Rademakers
ti0306,Tim Anderson
ti1308,Tim Anderson
ti0362,Tim McConnell
ti0406,Tim McConnell
ti0651,Tim McConnell
ti2271,Tim McConnell
ti2597,Tim McConnell
ti1361,Tim McConnell
ti1650,Tim McConnell
tobrien,Tim O'Brien
tobrien,Tim O'Brien
tabish,Timothy Bish
tabish,Timothy Bish
tabish,Timothy Bish
ti2537,Timothy St Clair
tripod,Tobias Bocanegra
tripod,Tobias Bocanegra
tripod,Tobias Bocanegra
to1275,Todd Carmichael
todd,Todd Lipcon
todd,Todd Lipcon
todd,Todd Lipcon
todd,Todd Lipcon
todd,Todd Lipcon
todd,Todd Lipcon
todd,Todd Lipcon
todd,Todd Lipcon
to0082,Todor Boev
to1061,Todor Boev
to2086,Todor Boev
to0679,Tom Hobbs
to2635,Tom Hobbs
to1670,Tom Hobbs
to2087,Tom Watson
to2656,Tom White
tomwhite,Tom White
tomwhite,Tom White
tomwhite,Tom White
tomwhite,Tom White
tomwhite,Tom White
tomwhite,Tom White
tomwhite,Tom White
tomwhite,Tom White
tomwhite,Tom White
tomwhite,Tom White
tomwhite,Tom White
tomwhite,Tom White
tomwhite,Tom White
tomwhite,Tom White
tomwhite,Tom White
tomekr,Tomek R?kawek
tommaso,Tommaso Teofili
tommaso,Tommaso Teofili
tommaso,Tommaso Teofili
tommaso,Tommaso Teofili
tommaso,Tommaso Teofili
tommaso,Tommaso Teofili
tchemit,Tony Chemit
tchemit,Tony Chemit
tchemit,Tony Chemit
tmajest,Tony Majestro
tcurdt,Torsten Curdt
tjsnell,Tracy Snell
tjsnell,Tracy Snell
tjsnell,Tracy Snell
travis,Travis Crawford
travis,Travis Crawford
traviscraw,Travis Crawford
tsavo,Travis Savo
tr2033,Trevor McKay
trygvis,Trygve Laugstol
trygvis,Trygve Laugstol
szetszwo,Tsz Wo (Nicholas) Sze
szetszwo,Tsz Wo (Nicholas) Sze
szetszwo,Tsz Wo (Nicholas) Sze
szetszwo,Tsz Wo (Nicholas) Sze
szetszwo,Tsz Wo (Nicholas) Sze
tu2657,Tuong Truong
ulhasbhole,Ulhas Bhole
ulhasbhole,Ulhas Bhole
ulhasbhole,Ulhas Bhole
umamahesh,Uma Maheswara Rao G
umamahesh,Uma Maheswara Rao G
upul,Upul Godage
upul,Upul Godage
upul,Upul Godage
vgumashta,Vaibhav Gumashta
va0363,Vamsavardhana Reddy Chillakuru
va0407,Vamsavardhana Reddy Chillakuru
va2272,Vamsavardhana Reddy Chillakuru
va1362,Vamsavardhana Reddy Chillakuru
va2658,Vamsee Yarlagadda
avandana,Vandana Ayyalasomayajula
avandana,Vandana Ayyalasomayajula
avandana,Vandana Ayyalasomayajula
reznor,Varun Kapoor
vvasudev,Varun Vasudev
ve2038,Velmurugan Periasamy
venkatnrangan,Venkat Ranganathan
venkat,Venkat Reddy
venkat,Venkat Reddy
venkat,Venkat Reddy
venkat,Venkat Reddy
venkatesh,Venkatesh Seetharam
vi0378,Viet Nguyen
vi2273,Viet Nguyen
vi1363,Viet Nguyen
catholicon,Vikas Saurabh
vikram,Vikram Dixit
vikram,Vikram Dixit
vikram,Vikram Dixit
vikram,Vikram Dixit
vikrams,Vikram Srivastava
vi2525,Vinay Shukla
vi1163,Vincent Hardy
vmassol,Vincent Massol
vsiveton,Vincent Siveton
vi0687,Vinod Johnson
vinodkv,Vinod Kumar Vavilapalli
vinodkv,Vinod Kumar Vavilapalli
vinodkv,Vinod Kumar Vavilapalli
vinodkv,Vinod Kumar Vavilapalli
vinodkv,Vinod Kumar Vavilapalli
vinodkv,Vinod Kumar Vavilapalli
vinodkv,Vinod Kumar Vavilapalli
vinodkv,Vinod Kumar Vavilapalli
vinodkv,Vinod Kumar Vavilapalli
vi0083,Violeta Georgieva
vi1062,Violeta Georgieva
vi2088,Violeta Georgieva
vbrodetskyi,Vitaly Brodetskyi
vbrodetskyi,Vitaly Brodetskyi
vgogate,Vitthal Suhas Gogate
vgogate,Vitthal Suhas Gogate
vi2042,Vivek Ratnavel Subramanian
vtkhir,Vladimir Tkhir
wangda,Wangda Tan
wfay,Wayne Fay
Bob McWhirter,werken
wglass,Will Glass-Husain
wglass,Will Glass-Husain
wglass,Will Glass-Husain
wglass,Will Glass-Husain
wglass,Will Glass-Husain
wglass,Will Glass-Husain
wglass,Will Glass-Husain
wglass,Will Glass-Husain
wglass,Will Glass-Husain
wglass,Will Glass-Husain
wglass,Will Glass-Husain
wglass,Will Glass-Husain
wglass,Will Glass-Husain
wglass,Will Glass-Husain
ningjiang,Willem Jiang
ningjiang,Willem Jiang
ningjiang,Willem Jiang
ningjiang,Willem Jiang
njiang,Willem Jiang
wi0753,Willem Jiang
ningjiang,Willem Jiang
njiang,Willem Jiang
wtam,William Tam
wtam,William Tam
wtam,William Tam
wi0324,Winston Ojeda
wi1314,Winston Ojeda
whoschek,Wolfgang Hoschek
xiwang,Xi Wang
xiwang,Xi Wang
xyao,Xiaoyu Yao
xu0364,Xuan Dai 'Delos'
xu0408,Xuan Dai 'Delos'
xu1364,Xuan Dai 'Delos'
xu2274,"Xuan Dai ""Delos"""
xgong,Xuan Gong
xu2659,Xuefu Zhang
xuefuz,Xuefu Zhang
ya2539,Yan Xu
yxjiang,Yexi Jiang
yliu,Yi Liu
yliu,Yi Liu
yhuai,Yin Huai
yhuai,Yin Huai
yingdachen,Yingda Chen
yoavs,Yoa Shapira
yoavs,Yoav Shapira
yjzhangal,Yongjun Zhang
heyongqiang,Yongqiang He
ychena,Yongzhi Chen
yu2526,Yu Gau
yuma,Yu Ma
yu0379,Yun Feng Ma
yu2275,Yun Feng Ma
yu1365,Yun Feng Ma
yusaku,Yusaku Sako
yusaku,Yusaku Sako
yusaku,Yusaku Sako
yusaku,Yusaku Sako
zblanko,Zachary Blanko
zh2047,Zhan Zhang
zhz,Zhe Zhang
zshao,Zheng Shao
zshao,Zheng Shao
zshao,Zheng Shao
zshao,Zheng Shao
zshao,Zheng Shao
zshao,Zheng Shao
zjshen,Zhijie Shen
zjshen,Zhijie Shen
